customer_id,customer_name,phone,email,attendance_count,monthly_expense,package_type,last_in_out_days_ago,churn_probability
CUST-1001,John Doe,+15550192834,john.doe@example.com,22,150.00,Premium Gold,1,0.12
CUST-1002,Jane Smith,+15550195678,jane.smith@example.com,4,75.00,Standard Silver,14,0.78
CUST-1003,Alex Jones,+15550194321,alex.jones@example.com,0,0.00,Basic Bronze,28,0.95
CUST-1004,Emily Brown,+15550198765,emily.brown@example.com,18,120.00,Standard Silver,3,0.25
CUST-1005,Michael Green,+15550191122,michael.g@example.com,1,45.00,Basic Bronze,19,0.84
CUST-1006,Sarah White,+15550193344,sarah.w@example.com,25,200.00,VIP Platinum,0,0.02
CUST-1007,David Black,+15550195566,david.b@example.com,12,75.00,Standard Silver,6,0.45
CUST-1008,Lisa Blue,+15550197788,lisa.b@example.com,2,30.00,Basic Bronze,22,0.89
CUST-1009,Kevin Miller,+15550199900,kevin.m@example.com,15,150.00,Premium Gold,4,0.31
